Date,Time,Cels(V),TQly,GPS,Rud,Ele,Thr,Ail
2024-10-10,11:30:01.850,24.61,100,30.324000 -97.603500,0,1,1024,0
2024-10-10,11:30:02.340,24.61,100,30.324000 -97.603500,-3,1,1022,0
2024-10-10,11:30:02.840,24.34,100,30.324000 -97.603500,13,1,1022,0
2024-10-10,11:30:03.340,24.34,100,30.324000 -97.603500,4,1,1023,0
2024-10-10,11:30:03.840,23.34,100,30.323900 -97.603500,4,0,1023,3
2024-10-10,11:30:04.340,23.34,100,30.323900 -97.603500,-2,0,1022,-1
2024-10-10,11:30:04.840,22.95,100,30.323900 -97.603400,-4,0,959,0
2024-10-10,11:30:05.340,22.87,100,30.323900 -97.603400,-4,-131,274,-84
2024-10-10,11:30:05.840,22.87,100,30.323700 -97.603200,-5,-165,103,258
2024-10-10,11:30:06.340,23.29,100,30.323700 -97.603200,-4,-254,56,-65
2024-10-10,11:30:06.840,23.29,100,30.323700 -97.603000,-4,-184,27,587
2024-10-10,11:30:07.340,23.7,100,30.323700 -97.603000,-4,-337,-24,-5
2024-10-10,11:30:07.840,23.7,99,30.323700 -97.602900,-4,-327,-95,176
2024-10-10,11:30:08.340,23.8,99,30.323700 -97.602900,-3,-489,-111,-186
2024-10-10,11:30:08.840,23.8,100,30.323800 -97.602700,-4,-277,-125,442
2024-10-10,11:30:09.340,23.86,100,30.323800 -97.602700,-4,-336,-141,196
2024-10-10,11:30:09.840,23.89,100,30.323900 -97.602700,-2,-328,-134,2
2024-10-10,11:30:10.340,23.89,100,30.323900 -97.602700,-3,-71,-129,418
2024-10-10,11:30:10.840,23.89,100,30.324200 -97.602700,-2,-356,-252,-349
2024-10-10,11:30:11.340,23.89,100,30.324200 -97.602700,-2,-299,-290,-2
2024-10-10,11:30:11.840,23.95,100,30.324400 -97.602800,-3,-226,-305,2
2024-10-10,11:30:12.340,23.95,100,30.324400 -97.602800,-3,-17,-290,379
2024-10-10,11:30:12.840,24.01,100,30.324500 -97.603000,-2,7,-279,356
2024-10-10,11:30:13.340,24.01,100,30.324500 -97.603000,-1,1,-147,3
2024-10-10,11:30:13.840,24.01,100,30.324600 -97.603200,1,82,-37,3
2024-10-10,11:30:14.340,23.97,100,30.324600 -97.603200,-2,10,-17,222
2024-10-10,11:30:14.840,23.97,100,30.324700 -97.603500,0,-169,-6,194
2024-10-10,11:30:15.340,23.89,100,30.324700 -97.603500,0,-247,1,45
2024-10-10,11:30:15.840,23.89,100,30.324800 -97.603700,0,-310,-1,4
2024-10-10,11:30:16.340,23.85,100,30.324800 -97.603700,0,-272,19,175
2024-10-10,11:30:16.840,23.85,100,30.325000 -97.603900,0,-483,34,-112
2024-10-10,11:30:17.340,23.84,100,30.325000 -97.603900,0,-267,82,104
2024-10-10,11:30:17.840,23.84,99,30.325200 -97.604000,-1,-344,89,17
2024-10-10,11:30:18.340,23.83,100,30.325200 -97.604000,-1,-356,79,3
2024-10-10,11:30:18.840,23.78,100,30.325400 -97.603900,-1,-206,68,296
2024-10-10,11:30:19.340,23.78,100,30.325400 -97.603900,-2,-386,62,0
2024-10-10,11:30:19.840,23.77,100,30.325500 -97.603900,0,-465,14,-272
2024-10-10,11:30:20.340,23.77,100,30.325500 -97.603900,-1,-190,-36,238
2024-10-10,11:30:20.840,23.77,100,30.325500 -97.603900,-1,-240,-45,4
2024-10-10,11:30:21.340,23.77,100,30.325500 -97.603900,0,-238,-45,5
2024-10-10,11:30:21.840,23.8,97,30.325500 -97.603900,0,-110,-230,-414
2024-10-10,11:30:22.340,23.8,97,30.325500 -97.603900,-1,-7,-287,-218
2024-10-10,11:30:22.840,23.83,100,30.325400 -97.603200,25,14,-284,305
2024-10-10,11:30:23.340,23.91,100,30.325400 -97.603200,220,-1,-330,1
2024-10-10,11:30:23.840,23.91,100,30.325400 -97.603200,3,-1,-286,59
2024-10-10,11:30:24.340,23.95,100,30.325400 -97.603200,0,2,-285,-399
2024-10-10,11:30:24.840,23.95,100,30.325100 -97.602900,0,4,-286,-178
2024-10-10,11:30:25.340,23.95,100,30.325100 -97.602900,0,-1,-286,4
2024-10-10,11:30:25.840,23.95,100,30.324800 -97.602900,0,4,-283,-9
2024-10-10,11:30:26.340,23.95,97,30.324800 -97.602900,-2,129,-279,-3
2024-10-10,11:30:26.840,23.95,97,30.324600 -97.602800,-2,131,-280,2
2024-10-10,11:30:27.340,23.95,99,30.324600 -97.602800,-4,141,-835,-1
2024-10-10,11:30:27.840,23.99,99,30.324400 -97.602700,-2,6,-938,-93
2024-10-10,11:30:28.340,23.99,100,30.324400 -97.602700,-3,2,-904,3
2024-10-10,11:30:28.840,24.16,100,30.324300 -97.602600,-3,-1,-816,-73
2024-10-10,11:30:29.340,24.16,100,30.324300 -97.602600,-3,-2,-678,0
2024-10-10,11:30:29.840,24.2,100,30.324100 -97.602600,-4,0,-659,33
2024-10-10,11:30:30.340,24.2,100,30.324100 -97.602600,-3,-5,-621,10
2024-10-10,11:30:30.840,24.17,100,30.323900 -97.602600,-3,-65,-611,-342
2024-10-10,11:30:31.340,24.17,100,30.323900 -97.602600,-3,-6,-604,-1
2024-10-10,11:30:31.840,24.15,100,30.323800 -97.602500,-2,-5,-551,0
2024-10-10,11:30:32.340,24.15,100,30.323800 -97.602500,-2,-28,-518,0
2024-10-10,11:30:32.840,24.15,99,30.323600 -97.602500,-2,-4,-484,249
2024-10-10,11:30:33.340,24.12,99,30.323600 -97.602500,-1,-44,-454,120
2024-10-10,11:30:33.840,24.12,98,30.323400 -97.602500,0,-53,-445,28
2024-10-10,11:30:34.340,24.09,98,30.323400 -97.602500,0,-87,-365,184
2024-10-10,11:30:34.840,24.09,100,30.323200 -97.602400,0,-284,-305,-5
2024-10-10,11:30:35.340,24.06,100,30.323200 -97.602400,0,-138,-286,177
2024-10-10,11:30:35.840,24.06,100,30.323100 -97.602400,0,-337,-288,0
2024-10-10,11:30:36.340,24.02,100,30.323100 -97.602400,1,-183,-315,219
2024-10-10,11:30:36.840,24.0,98,30.322900 -97.602600,1,-468,-333,-1
2024-10-10,11:30:37.340,24.0,100,30.322900 -97.602600,1,-248,-363,332
2024-10-10,11:30:37.840,24.01,100,30.322800 -97.602800,1,-471,-364,22
2024-10-10,11:30:38.340,24.01,99,30.322800 -97.602800,1,-426,-364,314
2024-10-10,11:30:38.840,23.99,99,30.322800 -97.603000,1,-577,-365,2
2024-10-10,11:30:39.340,23.99,99,30.322800 -97.603000,1,-336,-36,-464
2024-10-10,11:30:39.840,23.99,99,30.323000 -97.603200,0,-5,1023,-4
2024-10-10,11:30:40.340,23.99,100,30.323000 -97.603200,0,-71,1023,2
2024-10-10,11:30:40.840,23.55,100,30.323300 -97.603300,-1,-3,1023,0
2024-10-10,11:30:41.340,22.81,100,30.323300 -97.603300,0,-4,1023,163
2024-10-10,11:30:41.840,22.81,100,30.323600 -97.603400,1,-78,1023,-122
2024-10-10,11:30:42.340,22.64,100,30.323600 -97.603400,0,-45,1023,-118
2024-10-10,11:30:42.840,22.64,100,30.324000 -97.603500,-1,-51,1023,-146
2024-10-10,11:30:43.340,22.55,100,30.324000 -97.603500,-1,-67,478,-3
2024-10-10,11:30:43.840,22.55,100,30.324400 -97.603600,5,-123,-186,0
2024-10-10,11:30:44.340,22.71,100,30.324400 -97.603600,0,-135,-90,171
2024-10-10,11:30:44.840,22.71,100,30.324800 -97.603700,-2,-295,-108,-3
2024-10-10,11:30:45.340,23.39,100,30.324800 -97.603700,-2,-247,-119,173
2024-10-10,11:30:45.840,23.53,100,30.325000 -97.603600,-1,-298,-122,86
2024-10-10,11:30:46.340,23.53,100,30.325000 -97.603600,-1,-565,-112,-359
2024-10-10,11:30:46.840,23.56,100,30.325200 -97.603400,-2,-205,-154,335
2024-10-10,11:30:47.340,23.56,100,30.325200 -97.603400,-2,-298,-146,57
2024-10-10,11:30:47.840,23.58,100,30.325200 -97.603200,-2,-301,-148,9
2024-10-10,11:30:48.340,23.58,100,30.325200 -97.603200,-1,-322,-148,-217
2024-10-10,11:30:48.840,23.59,100,30.325100 -97.603000,-2,-176,-157,2
2024-10-10,11:30:49.340,23.59,100,30.325100 -97.603000,-2,-60,-204,-249
2024-10-10,11:30:49.840,23.61,100,30.325000 -97.602900,-1,-56,-259,-339
2024-10-10,11:30:50.340,23.65,100,30.325000 -97.602900,-2,-4,-343,-3
2024-10-10,11:30:50.840,23.65,100,30.324800 -97.602900,-2,-5,-406,9
2024-10-10,11:30:51.340,23.7,100,30.324800 -97.602900,-3,7,-519,-81
2024-10-10,11:30:51.840,23.7,100,30.324600 -97.602900,-3,-2,-512,-4
2024-10-10,11:30:52.340,23.78,100,30.324600 -97.602900,-3,-6,-499,6
2024-10-10,11:30:52.840,23.78,100,30.324400 -97.602900,-3,-1,-483,-4
2024-10-10,11:30:53.340,23.83,100,30.324400 -97.602900,-4,139,-476,-2
2024-10-10,11:30:53.840,23.83,94,30.324200 -97.602900,-4,7,-477,0
2024-10-10,11:30:54.340,23.83,100,30.324200 -97.602900,-2,4,-465,1
2024-10-10,11:30:54.840,23.83,100,30.324100 -97.602900,-3,5,-462,0
2024-10-10,11:30:55.340,23.83,99,30.324100 -97.602900,-3,-6,-371,-2
2024-10-10,11:30:55.840,23.83,99,30.323900 -97.602900,-3,-32,-360,-8
2024-10-10,11:30:56.340,23.83,100,30.323900 -97.602900,-3,-110,-347,0
2024-10-10,11:30:56.840,23.79,100,30.323700 -97.602900,-3,-74,-345,104
2024-10-10,11:30:57.340,23.79,100,30.323700 -97.602900,-2,-83,-336,202
2024-10-10,11:30:57.840,23.79,100,30.323600 -97.602800,-3,-215,-315,-64
2024-10-10,11:30:58.340,23.79,100,30.323600 -97.602800,-3,-135,-297,110
2024-10-10,11:30:58.840,23.78,99,30.323400 -97.602700,-3,-51,-283,99
2024-10-10,11:30:59.340,23.77,99,30.323400 -97.602700,-3,-3,-283,466
2024-10-10,11:30:59.840,23.77,99,30.323200 -97.602500,-1,-35,-281,417
2024-10-10,11:31:00.340,23.76,99,30.323200 -97.602500,-2,-367,-278,5
2024-10-10,11:31:00.840,23.76,100,30.323100 -97.602400,-3,-264,-279,4
2024-10-10,11:31:01.340,23.74,100,30.323100 -97.602400,-2,-272,-278,182
2024-10-10,11:31:01.840,23.74,100,30.322900 -97.602400,-2,-310,-276,166
2024-10-10,11:31:02.340,23.73,100,30.322900 -97.602400,-3,-269,-281,145
2024-10-10,11:31:02.840,23.73,100,30.322800 -97.602500,-3,-448,-371,5
2024-10-10,11:31:03.340,23.72,100,30.322800 -97.602500,-2,-286,-377,353
2024-10-10,11:31:03.840,23.75,100,30.322700 -97.602700,-1,-469,-375,4
2024-10-10,11:31:04.340,23.75,97,30.322700 -97.602700,-1,-345,-373,255
2024-10-10,11:31:04.840,23.76,97,30.322700 -97.602900,-1,-362,-367,110
2024-10-10,11:31:05.340,23.76,97,30.322700 -97.602900,-1,-378,-354,4
2024-10-10,11:31:05.840,23.77,97,30.322900 -97.603100,-1,-334,-89,-288
2024-10-10,11:31:06.340,23.77,100,30.322900 -97.603100,0,-5,1024,-279
2024-10-10,11:31:06.840,23.65,100,30.323100 -97.603200,0,-1,1024,-2
2024-10-10,11:31:07.340,23.65,100,30.323100 -97.603200,-1,-10,1023,205
2024-10-10,11:31:07.840,22.96,100,30.323400 -97.603300,-1,-67,1024,-1
2024-10-10,11:31:08.340,22.54,100,30.323400 -97.603300,0,-198,1023,-220
2024-10-10,11:31:08.840,22.54,100,30.323800 -97.603400,-1,-129,1024,-166
2024-10-10,11:31:09.340,22.45,100,30.323800 -97.603400,-1,-70,1023,-47
2024-10-10,11:31:09.840,22.45,100,30.324200 -97.603500,0,-42,1024,-3
2024-10-10,11:31:10.340,22.37,100,30.324200 -97.603500,-2,-32,125,-1
2024-10-10,11:31:10.840,22.37,100,30.324600 -97.603600,-1,-90,-118,221
2024-10-10,11:31:11.340,22.53,100,30.324600 -97.603600,-1,-278,-156,4
2024-10-10,11:31:11.840,22.53,100,30.324900 -97.603700,-1,-316,-200,9
2024-10-10,11:31:12.340,23.15,100,30.324900 -97.603700,-2,-424,-200,-205
2024-10-10,11:31:12.840,23.34,100,30.325200 -97.603600,-2,-307,-225,178
2024-10-10,11:31:13.340,23.34,100,30.325200 -97.603600,-2,-381,-224,3
2024-10-10,11:31:13.840,23.4,100,30.325400 -97.603400,-2,-261,-220,262
2024-10-10,11:31:14.340,23.4,100,30.325400 -97.603400,-2,-262,-215,48
2024-10-10,11:31:14.840,23.42,100,30.325400 -97.603100,-2,-275,-207,4
2024-10-10,11:31:15.340,23.42,100,30.325400 -97.603100,-1,-284,-191,-414
2024-10-10,11:31:15.840,23.43,100,30.325400 -97.602900,-2,-228,-190,-525
2024-10-10,11:31:16.340,23.43,99,30.325400 -97.602900,-3,-5,-193,151
2024-10-10,11:31:16.840,23.46,99,30.325100 -97.602800,-3,-4,-203,350
2024-10-10,11:31:17.340,23.46,100,30.325100 -97.602800,-2,-37,-204,171
2024-10-10,11:31:17.840,23.46,98,30.325000 -97.602800,-1,-24,-201,-157
2024-10-10,11:31:18.340,23.47,98,30.325000 -97.602800,-2,-3,-195,-109
2024-10-10,11:31:18.840,23.47,100,30.324800 -97.602700,-3,0,-196,-1
2024-10-10,11:31:19.340,23.46,100,30.324800 -97.602700,-4,10,-196,-2
2024-10-10,11:31:19.840,23.46,100,30.324600 -97.602700,-3,4,-197,-1
2024-10-10,11:31:20.340,23.46,100,30.324600 -97.602700,-3,17,-196,-1
2024-10-10,11:31:20.840,23.46,99,30.324400 -97.602700,-3,134,-198,-2
2024-10-10,11:31:21.340,23.46,99,30.324400 -97.602700,-4,77,-201,-2
2024-10-10,11:31:21.840,23.46,98,30.324200 -97.602700,-4,5,-200,389
2024-10-10,11:31:22.340,23.46,98,30.324200 -97.602700,-2,3,-199,-240
2024-10-10,11:31:22.840,23.45,97,30.324000 -97.602700,-2,2,-197,-4
2024-10-10,11:31:23.340,23.45,100,30.324000 -97.602700,-3,2,-197,-4
2024-10-10,11:31:23.840,23.46,100,30.323800 -97.602700,-3,0,-197,228
2024-10-10,11:31:24.340,23.46,100,30.323800 -97.602700,-2,-2,-197,1
2024-10-10,11:31:24.840,23.46,100,30.323600 -97.602600,-2,-2,-195,123
2024-10-10,11:31:25.340,23.46,100,30.323600 -97.602600,-2,-2,-192,36
2024-10-10,11:31:25.840,23.47,100,30.323400 -97.602600,-3,1,-193,239
2024-10-10,11:31:26.340,23.47,100,30.323400 -97.602600,-2,-29,-195,340
2024-10-10,11:31:26.840,23.47,90,30.323200 -97.602500,0,-384,-247,3
2024-10-10,11:31:27.340,23.46,90,30.323200 -97.602500,0,-402,-249,50
2024-10-10,11:31:27.840,23.46,100,30.323000 -97.602600,0,-431,-249,58
2024-10-10,11:31:28.340,23.47,100,30.323000 -97.602600,-1,-376,-254,329
2024-10-10,11:31:28.840,23.47,99,30.322900 -97.602700,-1,-225,-257,213
2024-10-10,11:31:29.340,23.47,99,30.322900 -97.602700,-1,-295,-256,15
2024-10-10,11:31:29.840,23.47,99,30.322900 -97.603000,-1,-358,-253,6
2024-10-10,11:31:30.340,23.47,99,30.322900 -97.603000,-1,-366,-252,3
2024-10-10,11:31:30.840,23.47,100,30.323000 -97.603200,-1,-289,-253,2
2024-10-10,11:31:31.340,23.47,100,30.323000 -97.603200,-2,18,-253,-14
2024-10-10,11:31:31.840,23.47,100,30.323300 -97.603300,-3,26,-254,426
2024-10-10,11:31:32.340,23.47,99,30.323300 -97.603300,-2,0,-254,184
2024-10-10,11:31:32.840,23.47,99,30.323500 -97.603400,-2,0,-245,3
2024-10-10,11:31:33.340,23.47,100,30.323500 -97.603400,-3,-1,-219,-26
2024-10-10,11:31:33.840,23.46,100,30.323800 -97.603500,-1,0,-193,-3
2024-10-10,11:31:34.340,23.46,100,30.323800 -97.603500,-3,-2,-219,0
2024-10-10,11:31:34.840,23.46,100,30.324100 -97.603400,-2,-105,-220,-230
2024-10-10,11:31:35.340,23.46,100,30.324100 -97.603400,-2,-127,-209,-173
2024-10-10,11:31:35.840,23.45,100,30.324300 -97.603400,-3,-232,-206,166
2024-10-10,11:31:36.340,23.45,100,30.324300 -97.603400,-2,-307,-175,106
2024-10-10,11:31:36.840,23.45,100,30.324600 -97.603500,-2,-188,-174,334
2024-10-10,11:31:37.340,23.43,100,30.324600 -97.603500,-1,-332,-174,154
2024-10-10,11:31:37.840,23.43,100,30.324900 -97.603600,-2,-14,-178,-199
2024-10-10,11:31:38.340,23.41,100,30.324900 -97.603600,-3,-28,-194,289
2024-10-10,11:31:38.840,23.41,100,30.325100 -97.603600,-2,-74,-180,-228
2024-10-10,11:31:39.340,23.41,100,30.325100 -97.603600,-2,-9,-174,-4
2024-10-10,11:31:39.840,23.41,100,30.325300 -97.603600,-4,-174,-157,-356
2024-10-10,11:31:40.340,23.41,100,30.325300 -97.603600,-4,-212,-170,0
2024-10-10,11:31:40.840,23.39,100,30.325500 -97.603600,-4,-390,-182,379
2024-10-10,11:31:41.340,23.39,97,30.325500 -97.603600,-4,-456,-185,5
2024-10-10,11:31:41.840,23.39,97,30.325700 -97.603600,-3,-531,-184,-5
2024-10-10,11:31:42.340,23.39,99,30.325700 -97.603600,-3,-473,-185,365
2024-10-10,11:31:42.840,23.39,100,30.325900 -97.603800,-3,-591,-186,-6
2024-10-10,11:31:43.340,23.39,100,30.325900 -97.603800,-4,-609,-186,166
2024-10-10,11:31:43.840,23.39,100,30.325900 -97.604000,-3,-511,-188,-10
2024-10-10,11:31:44.340,23.37,100,30.325900 -97.604000,-4,-524,-192,4
2024-10-10,11:31:44.840,23.37,99,30.325700 -97.604200,-4,-508,-200,66
2024-10-10,11:31:45.340,23.38,99,30.325700 -97.604200,-3,-338,-249,439
2024-10-10,11:31:45.840,23.38,100,30.325600 -97.604200,-2,-342,-284,161
2024-10-10,11:31:46.340,23.39,100,30.325600 -97.604200,-2,-46,-302,-160
2024-10-10,11:31:46.840,23.39,100,30.325400 -97.604100,-2,-17,-345,-1
2024-10-10,11:31:47.340,23.41,100,30.325400 -97.604100,18,-5,-346,381
2024-10-10,11:31:47.840,23.41,100,30.325200 -97.604000,10,-69,-359,8
2024-10-10,11:31:48.340,23.43,100,30.325200 -97.604000,1,0,-343,-159
2024-10-10,11:31:48.840,23.45,100,30.325000 -97.603900,1,0,-343,-6
2024-10-10,11:31:49.340,23.45,100,30.325000 -97.603900,1,-5,-341,-46
2024-10-10,11:31:49.840,23.44,100,30.324900 -97.603800,0,-5,-340,14
2024-10-10,11:31:50.340,23.44,100,30.324900 -97.603800,-1,145,-339,-3
2024-10-10,11:31:50.840,23.44,100,30.324700 -97.603700,-2,5,-340,-266
2024-10-10,11:31:51.340,23.44,100,30.324700 -97.603700,-3,2,-340,-4
2024-10-10,11:31:51.840,23.44,100,30.324500 -97.603600,-3,8,-340,-1
2024-10-10,11:31:52.340,23.44,100,30.324500 -97.603600,-2,1,-339,220
2024-10-10,11:31:52.840,23.43,100,30.324400 -97.603500,-1,-48,-310,3
2024-10-10,11:31:53.340,23.44,100,30.324400 -97.603500,-2,-114,-284,-234
2024-10-10,11:31:53.840,23.44,100,30.324200 -97.603400,-2,-160,-284,-3
2024-10-10,11:31:54.340,23.41,100,30.324200 -97.603400,-2,-286,-283,2
2024-10-10,11:31:54.840,23.41,100,30.324100 -97.603300,-2,-334,-277,-201
2024-10-10,11:31:55.340,23.41,100,30.324100 -97.603300,-2,-355,-229,4
2024-10-10,11:31:55.840,23.41,100,30.324000 -97.603100,-3,-367,-212,275
2024-10-10,11:31:56.340,23.38,100,30.324000 -97.603100,-2,-443,-192,3
2024-10-10,11:31:56.840,23.38,99,30.324000 -97.602900,-4,-439,-190,15
2024-10-10,11:31:57.340,23.36,99,30.324000 -97.602900,-3,-396,-189,111
2024-10-10,11:31:57.840,23.36,92,30.324000 -97.602800,-3,-333,-186,180
2024-10-10,11:31:58.340,23.36,99,30.324000 -97.602800,-2,-446,-177,11
2024-10-10,11:31:58.840,23.34,99,30.324200 -97.602700,-3,-459,-176,3
2024-10-10,11:31:59.340,23.34,100,30.324200 -97.602700,-4,-357,-177,212
2024-10-10,11:31:59.840,23.33,100,30.324300 -97.602600,-3,-233,-176,387
2024-10-10,11:32:00.340,23.33,98,30.324300 -97.602600,-2,-126,-175,202
2024-10-10,11:32:00.840,23.31,98,30.324500 -97.602700,-2,-6,-171,241
2024-10-10,11:32:01.340,23.31,100,30.324500 -97.602700,-3,-57,-172,2
2024-10-10,11:32:01.840,23.31,100,30.324700 -97.602900,-2,-87,-171,-9
2024-10-10,11:32:02.340,23.29,100,30.324700 -97.602900,-2,-89,-170,176
2024-10-10,11:32:02.840,23.29,100,30.324900 -97.603000,-2,-90,-169,66
2024-10-10,11:32:03.340,23.29,100,30.324900 -97.603000,-3,-67,-170,134
2024-10-10,11:32:03.840,23.29,100,30.325200 -97.603100,-4,-54,-172,66
2024-10-10,11:32:04.340,23.3,100,30.325200 -97.603100,-2,-117,-170,-234
2024-10-10,11:32:04.840,23.3,86,30.325400 -97.603200,-3,-176,-169,-414
2024-10-10,11:32:05.340,23.3,86,30.325400 -97.603200,-5,-302,-174,0
2024-10-10,11:32:05.840,23.3,100,30.325600 -97.603300,-4,-445,-190,32
2024-10-10,11:32:06.340,23.29,100,30.325600 -97.603300,-3,-378,-189,-9
2024-10-10,11:32:06.840,23.29,93,30.325700 -97.603500,-4,-449,-190,2
2024-10-10,11:32:07.340,23.29,100,30.325700 -97.603500,-4,-472,-190,66
2024-10-10,11:32:07.840,23.29,100,30.325800 -97.603700,-4,-371,-198,4
2024-10-10,11:32:08.340,23.29,90,30.325800 -97.603700,-4,-422,-202,39
2024-10-10,11:32:08.840,23.29,90,30.325700 -97.603900,-3,-467,-201,87
2024-10-10,11:32:09.340,23.29,100,30.325700 -97.603900,-2,-298,-201,420
2024-10-10,11:32:09.840,23.29,100,30.325500 -97.603900,-2,-186,-418,216
2024-10-10,11:32:10.340,23.29,100,30.325500 -97.603900,-1,-2,-850,53
2024-10-10,11:32:10.840,23.3,100,30.325300 -97.603800,-2,0,-1024,230
2024-10-10,11:32:11.340,23.44,100,30.325300 -97.603800,-2,-3,-565,-281
2024-10-10,11:32:11.840,23.44,100,30.325100 -97.603800,-2,-5,-587,1
2024-10-10,11:32:12.340,23.48,100,30.325100 -97.603800,-3,-6,-597,1
2024-10-10,11:32:12.840,23.48,100,30.325000 -97.603700,-2,-7,-635,-304
2024-10-10,11:32:13.340,23.46,100,30.325000 -97.603700,-2,-6,-642,-3
2024-10-10,11:32:13.840,23.46,100,30.324800 -97.603700,-1,-97,-601,200
2024-10-10,11:32:14.340,23.46,100,30.324800 -97.603700,-1,-73,-581,0
2024-10-10,11:32:14.840,23.46,100,30.324600 -97.603700,-3,-4,-554,-1
2024-10-10,11:32:15.340,23.47,100,30.324600 -97.603700,-2,-79,-626,-230
2024-10-10,11:32:15.840,23.47,100,30.324400 -97.603600,1,-60,-578,222
2024-10-10,11:32:16.340,23.46,100,30.324400 -97.603600,0,-114,-567,3
2024-10-10,11:32:16.840,23.47,100,30.324300 -97.603500,0,-75,-556,0
2024-10-10,11:32:17.340,23.47,100,30.324300 -97.603500,-2,-258,-452,-472
2024-10-10,11:32:17.840,23.45,100,30.324100 -97.603500,-2,-246,-450,-2
2024-10-10,11:32:18.340,23.45,100,30.324100 -97.603500,-2,-482,-450,269
2024-10-10,11:32:18.840,23.43,100,30.323900 -97.603300,-2,-568,-451,177
2024-10-10,11:32:19.340,23.43,100,30.323900 -97.603300,-2,-646,-451,13
2024-10-10,11:32:19.840,23.43,100,30.323900 -97.603100,-2,-589,-449,5
2024-10-10,11:32:20.340,23.43,100,30.323900 -97.603100,-2,-451,-527,-59
2024-10-10,11:32:20.840,23.42,98,30.323800 -97.603000,-1,-439,-548,0
2024-10-10,11:32:21.340,23.42,98,30.323800 -97.603000,-3,-426,-541,115
2024-10-10,11:32:21.840,23.42,100,30.323900 -97.602900,-3,-469,-520,384
2024-10-10,11:32:22.340,23.44,100,30.323900 -97.602900,-2,-653,-510,30
2024-10-10,11:32:22.840,23.44,98,30.324000 -97.602800,-3,-631,-512,112
2024-10-10,11:32:23.340,23.44,100,30.324000 -97.602800,-2,-504,-519,115
2024-10-10,11:32:23.840,23.44,100,30.324200 -97.602900,-1,-306,-516,167
2024-10-10,11:32:24.340,23.43,100,30.324200 -97.602900,-1,-362,-431,75
2024-10-10,11:32:24.840,23.43,100,30.324400 -97.603000,-2,-245,-399,265
2024-10-10,11:32:25.340,23.43,99,30.324400 -97.603000,-1,-265,-402,42
2024-10-10,11:32:25.840,23.39,99,30.324600 -97.603100,-2,-3,-405,338
2024-10-10,11:32:26.340,23.39,100,30.324600 -97.603100,-1,-143,-404,-426
2024-10-10,11:32:26.840,23.38,100,30.324800 -97.603200,-2,-170,-399,117
2024-10-10,11:32:27.340,23.38,98,30.324800 -97.603200,-3,-267,-399,-400
2024-10-10,11:32:27.840,23.38,100,30.325000 -97.603400,-3,-466,-398,-36
2024-10-10,11:32:28.340,23.38,100,30.325000 -97.603400,-3,-487,-297,-2
2024-10-10,11:32:28.840,23.36,100,30.325200 -97.603500,-4,-377,-293,307
2024-10-10,11:32:29.340,23.34,100,30.325200 -97.603500,-3,-562,-298,-175
2024-10-10,11:32:29.840,23.34,100,30.325300 -97.603700,-4,-461,-311,336
2024-10-10,11:32:30.340,23.31,100,30.325300 -97.603700,-3,-589,-327,5
2024-10-10,11:32:30.840,23.31,100,30.325300 -97.603900,-2,-762,-326,151
2024-10-10,11:32:31.340,23.31,100,30.325300 -97.603900,-3,-745,-390,137
2024-10-10,11:32:31.840,23.31,100,30.325100 -97.604000,-2,-344,-700,453
2024-10-10,11:32:32.340,23.33,100,30.325100 -97.604000,-3,-324,-704,113
2024-10-10,11:32:32.840,23.33,100,30.325000 -97.603900,-3,-250,-729,143
2024-10-10,11:32:33.340,23.41,100,30.325000 -97.603900,-2,-328,-686,178
2024-10-10,11:32:33.840,23.45,100,30.324900 -97.603900,-2,-259,-658,5
2024-10-10,11:32:34.340,23.45,100,30.324900 -97.603900,-2,-233,-637,109
2024-10-10,11:32:34.840,23.46,100,30.324800 -97.603800,-2,-268,-620,142
2024-10-10,11:32:35.340,23.46,100,30.324800 -97.603800,-2,-233,-612,205
2024-10-10,11:32:35.840,23.45,100,30.324700 -97.603700,-2,-323,-586,3
2024-10-10,11:32:36.340,23.45,100,30.324700 -97.603700,-2,-384,-577,-249
2024-10-10,11:32:36.840,23.44,100,30.324600 -97.603700,-3,-190,-586,1
2024-10-10,11:32:37.340,23.44,100,30.324600 -97.603700,-1,-193,-589,97
2024-10-10,11:32:37.840,23.43,100,30.324400 -97.603600,1,-193,-586,210
2024-10-10,11:32:38.340,23.43,100,30.324400 -97.603600,0,-267,-586,9
2024-10-10,11:32:38.840,23.43,100,30.324300 -97.603500,0,-275,-584,93
2024-10-10,11:32:39.340,23.43,100,30.324300 -97.603500,-1,-385,-582,-5
2024-10-10,11:32:39.840,23.43,100,30.324200 -97.603500,2,-364,-570,8
2024-10-10,11:32:40.340,23.43,100,30.324200 -97.603500,99,-277,-562,278
2024-10-10,11:32:40.840,23.43,100,30.324100 -97.603400,30,-397,-535,7
2024-10-10,11:32:41.340,23.43,100,30.324100 -97.603400,2,-463,-412,-115
2024-10-10,11:32:41.840,23.43,100,30.324000 -97.603300,1,-528,-331,-168
2024-10-10,11:32:42.340,23.39,100,30.324000 -97.603300,1,-497,-325,0
2024-10-10,11:32:42.840,23.35,100,30.323900 -97.603300,1,-514,-316,9
2024-10-10,11:32:43.340,23.35,100,30.323900 -97.603300,1,-465,-305,312
2024-10-10,11:32:43.840,23.31,100,30.323800 -97.603100,1,-550,-304,3
2024-10-10,11:32:44.340,23.31,100,30.323800 -97.603100,1,-526,-304,234
2024-10-10,11:32:44.840,23.3,100,30.323800 -97.603000,1,-652,-301,198
2024-10-10,11:32:45.340,23.3,100,30.323800 -97.603000,0,-748,-301,165
2024-10-10,11:32:45.840,23.29,100,30.323900 -97.602900,0,-764,-300,219
2024-10-10,11:32:46.340,23.29,100,30.323900 -97.602900,1,-763,-300,-72
2024-10-10,11:32:46.840,23.29,100,30.324100 -97.602800,0,-713,-302,0
2024-10-10,11:32:47.340,23.29,100,30.324100 -97.602800,-1,-719,-301,5
2024-10-10,11:32:47.840,23.28,100,30.324200 -97.602700,1,-535,-300,359
2024-10-10,11:32:48.340,23.27,100,30.324200 -97.602700,1,-261,-296,229
2024-10-10,11:32:48.840,23.27,100,30.324400 -97.602800,-1,-242,-321,8
2024-10-10,11:32:49.340,23.26,100,30.324400 -97.602800,-1,-200,-344,352
2024-10-10,11:32:49.840,23.26,100,30.324500 -97.602900,-1,-212,-336,609
2024-10-10,11:32:50.340,23.27,100,30.324500 -97.602900,0,-467,-335,2
2024-10-10,11:32:50.840,23.27,100,30.324700 -97.603100,-2,-229,-339,337
2024-10-10,11:32:51.340,23.28,100,30.324700 -97.603100,-3,-117,-351,23
2024-10-10,11:32:51.840,23.27,97,30.324900 -97.603300,-3,-1,-357,2
2024-10-10,11:32:52.340,23.27,100,30.324900 -97.603300,-4,-6,-402,-1
2024-10-10,11:32:52.840,23.28,100,30.325100 -97.603400,-4,-159,-409,-464
2024-10-10,11:32:53.340,23.28,100,30.325100 -97.603400,-6,-369,-400,-2
2024-10-10,11:32:53.840,23.29,100,30.325300 -97.603500,-5,-565,-415,-1
2024-10-10,11:32:54.340,23.29,100,30.325300 -97.603500,-5,-610,-425,340
2024-10-10,11:32:54.840,23.29,100,30.325400 -97.603600,-4,-753,-434,-173
2024-10-10,11:32:55.340,23.29,100,30.325400 -97.603600,-5,-784,-435,4
2024-10-10,11:32:55.840,23.3,98,30.325400 -97.603800,-4,-719,-443,133
2024-10-10,11:32:56.340,23.3,98,30.325400 -97.603800,-4,-744,-477,5
2024-10-10,11:32:56.840,23.3,100,30.325300 -97.603900,-4,-690,-534,145
2024-10-10,11:32:57.340,23.31,100,30.325300 -97.603900,-4,-522,-632,460
2024-10-10,11:32:57.840,23.31,100,30.325200 -97.603900,-3,-444,-666,392
2024-10-10,11:32:58.340,23.35,100,30.325200 -97.603900,-3,-196,-679,53
2024-10-10,11:32:58.840,23.35,100,30.325100 -97.603900,0,-82,-906,246
2024-10-10,11:32:59.340,23.38,100,30.325100 -97.603900,-2,-300,-769,-213
2024-10-10,11:32:59.840,23.38,100,30.325000 -97.603800,-2,-460,-747,-2
2024-10-10,11:33:00.340,23.42,100,30.325000 -97.603800,-1,-308,-721,0
2024-10-10,11:33:00.840,23.42,100,30.324800 -97.603800,1,-175,-736,205
2024-10-10,11:33:01.340,23.42,100,30.324800 -97.603800,0,-252,-716,-188
2024-10-10,11:33:01.840,23.42,100,30.324700 -97.603700,-1,-316,-705,-228
2024-10-10,11:33:02.340,23.42,100,30.324700 -97.603700,-1,-235,-698,1
2024-10-10,11:33:02.840,23.43,100,30.324600 -97.603600,-1,-324,-698,2
2024-10-10,11:33:03.340,23.43,100,30.324600 -97.603600,0,-271,-698,127
2024-10-10,11:33:03.840,23.42,100,30.324400 -97.603600,1,-203,-698,244
2024-10-10,11:33:04.340,23.42,100,30.324400 -97.603600,1,-219,-698,209
2024-10-10,11:33:04.840,23.42,100,30.324300 -97.603500,1,-391,-692,-193
2024-10-10,11:33:05.340,23.43,100,30.324300 -97.603500,1,-222,-684,242
2024-10-10,11:33:05.840,23.43,100,30.324200 -97.603400,1,-287,-679,83
2024-10-10,11:33:06.340,23.42,100,30.324200 -97.603400,-1,-313,-661,3
2024-10-10,11:33:06.840,23.42,100,30.324100 -97.603400,-2,-345,-590,-170
2024-10-10,11:33:07.340,23.42,100,30.324100 -97.603400,-2,-423,-455,-248
2024-10-10,11:33:07.840,23.42,100,30.323900 -97.603300,-2,-499,-419,-196
2024-10-10,11:33:08.340,23.38,100,30.323900 -97.603300,-2,-627,-402,352
2024-10-10,11:33:08.840,23.38,100,30.323800 -97.603300,-1,-684,-393,147
2024-10-10,11:33:09.340,23.32,100,30.323800 -97.603300,-1,-766,-392,3
2024-10-10,11:33:09.840,23.3,100,30.323800 -97.603200,-1,-688,-384,248
2024-10-10,11:33:10.340,23.3,100,30.323800 -97.603200,-1,-860,-380,149
2024-10-10,11:33:10.840,23.29,100,30.323800 -97.603000,-1,-931,-373,215
2024-10-10,11:33:11.340,23.29,100,30.323800 -97.603000,-2,-1012,-365,51
2024-10-10,11:33:11.840,23.27,100,30.323900 -97.602900,-2,-900,-365,274
2024-10-10,11:33:12.340,23.27,99,30.323900 -97.602900,-3,-763,-365,389
2024-10-10,11:33:12.840,23.26,99,30.324100 -97.602900,-3,-652,-371,291
2024-10-10,11:33:13.340,23.26,100,30.324100 -97.602900,-2,-422,-399,279
2024-10-10,11:33:13.840,23.26,100,30.324300 -97.602900,-1,-366,-400,207
2024-10-10,11:33:14.340,23.26,100,30.324300 -97.602900,-1,-448,-400,1
2024-10-10,11:33:14.840,23.26,100,30.324400 -97.603000,-1,-366,-400,0
2024-10-10,11:33:15.340,23.25,100,30.324400 -97.603000,-1,-161,-334,580
2024-10-10,11:33:15.840,23.25,100,30.324600 -97.603100,-1,-301,-289,236
2024-10-10,11:33:16.340,23.25,100,30.324600 -97.603100,-1,-182,-291,192
2024-10-10,11:33:16.840,23.25,99,30.324700 -97.603200,-3,-147,-310,2
2024-10-10,11:33:17.340,23.22,99,30.324700 -97.603200,-2,-207,-313,3
2024-10-10,11:33:17.840,23.22,100,30.324900 -97.603300,-3,-207,-310,145
2024-10-10,11:33:18.340,23.21,100,30.324900 -97.603300,-2,-269,-306,-69
2024-10-10,11:33:18.840,23.2,100,30.325100 -97.603400,-4,-321,-292,-50
2024-10-10,11:33:19.340,23.2,97,30.325100 -97.603400,-4,-409,-290,-48
2024-10-10,11:33:19.840,23.19,97,30.325300 -97.603600,-4,-511,-296,0
2024-10-10,11:33:20.340,23.19,99,30.325300 -97.603600,-4,-495,-293,1
2024-10-10,11:33:20.840,23.19,99,30.325400 -97.603700,-4,-575,-286,-2
2024-10-10,11:33:21.340,23.19,100,30.325400 -97.603700,-4,-629,-286,162
2024-10-10,11:33:21.840,23.19,100,30.325400 -97.603900,-5,-718,-291,63
2024-10-10,11:33:22.340,23.19,100,30.325400 -97.603900,-4,-748,-343,3
2024-10-10,11:33:22.840,23.17,100,30.325300 -97.604000,-3,-370,-449,616
2024-10-10,11:33:23.340,23.2,100,30.325300 -97.604000,-3,-285,-463,650
2024-10-10,11:33:23.840,23.2,100,30.325100 -97.603900,-2,-484,-461,2
2024-10-10,11:33:24.340,23.23,100,30.325100 -97.603900,-3,-8,-488,123
2024-10-10,11:33:24.840,23.23,100,30.325000 -97.603800,-1,-4,-484,-265
2024-10-10,11:33:25.340,23.24,100,30.325000 -97.603800,-2,-46,-467,-13
2024-10-10,11:33:25.840,23.24,100,30.324800 -97.603700,-2,-66,-466,-121
2024-10-10,11:33:26.340,23.25,100,30.324800 -97.603700,-3,-75,-483,-55
2024-10-10,11:33:26.840,23.25,100,30.324700 -97.603700,-1,-38,-546,0
2024-10-10,11:33:27.340,23.25,100,30.324700 -97.603700,-1,-261,-474,2
2024-10-10,11:33:27.840,23.25,100,30.324500 -97.603600,169,-114,-487,394
2024-10-10,11:33:28.340,23.25,100,30.324500 -97.603600,2,-368,-423,-300
2024-10-10,11:33:28.840,23.25,100,30.324400 -97.603500,-1,-255,-424,-37
2024-10-10,11:33:29.340,23.25,100,30.324400 -97.603500,-2,-304,-424,-167
2024-10-10,11:33:29.840,23.25,100,30.324200 -97.603400,-2,-257,-394,-1
2024-10-10,11:33:30.340,23.25,100,30.324200 -97.603400,-3,-273,-384,-1
2024-10-10,11:33:30.840,23.23,100,30.324100 -97.603300,-1,-357,-111,253
2024-10-10,11:33:31.340,23.23,100,30.324100 -97.603300,-1,-539,-98,362
2024-10-10,11:33:31.840,23.2,100,30.324100 -97.603200,-1,-578,-87,0
2024-10-10,11:33:32.340,23.09,99,30.324100 -97.603200,-3,-547,-83,339
2024-10-10,11:33:32.840,23.09,100,30.324100 -97.603100,-3,-637,-43,259
2024-10-10,11:33:33.340,23.06,100,30.324100 -97.603100,-3,-581,-38,38
2024-10-10,11:33:33.840,23.06,100,30.324100 -97.603000,-3,-508,-31,4
2024-10-10,11:33:34.340,23.04,100,30.324100 -97.603000,-4,-458,-30,68
2024-10-10,11:33:34.840,23.04,100,30.324200 -97.602900,-4,-378,-29,252
2024-10-10,11:33:35.340,23.02,100,30.324200 -97.602900,-3,-337,-9,543
2024-10-10,11:33:35.840,23.02,100,30.324300 -97.602900,-3,-447,6,332
2024-10-10,11:33:36.340,23.0,100,30.324300 -97.602900,-2,-231,17,754
2024-10-10,11:33:36.840,22.99,100,30.324500 -97.602900,-3,-389,22,-1
2024-10-10,11:33:37.340,22.99,99,30.324500 -97.602900,-3,-303,51,-1
2024-10-10,11:33:37.840,22.97,99,30.324700 -97.602900,-4,-224,73,1
2024-10-10,11:33:38.340,22.97,100,30.324700 -97.602900,-4,-92,77,399
2024-10-10,11:33:38.840,22.94,100,30.324900 -97.603000,-4,-96,81,164
2024-10-10,11:33:39.340,22.94,100,30.324900 -97.603000,-3,-193,85,5
2024-10-10,11:33:39.840,22.94,100,30.325100 -97.603100,-3,-129,111,1
2024-10-10,11:33:40.340,22.94,100,30.325100 -97.603100,-4,-58,100,83
2024-10-10,11:33:40.840,22.92,100,30.325300 -97.603200,-3,-12,82,-314
2024-10-10,11:33:41.340,22.91,100,30.325300 -97.603200,-4,-175,76,-356
2024-10-10,11:33:41.840,22.91,100,30.325500 -97.603200,-4,-340,73,3
2024-10-10,11:33:42.340,22.91,100,30.325500 -97.603200,-4,-493,73,105
2024-10-10,11:33:42.840,22.91,96,30.325700 -97.603400,-3,-432,73,296
2024-10-10,11:33:43.340,22.89,96,30.325700 -97.603400,-3,-473,74,-1
2024-10-10,11:33:43.840,22.89,100,30.325800 -97.603600,-3,-449,77,3
2024-10-10,11:33:44.340,22.88,100,30.325800 -97.603600,-3,-300,77,260
2024-10-10,11:33:44.840,22.88,100,30.325700 -97.603800,-3,-378,76,72
2024-10-10,11:33:45.340,22.88,100,30.325700 -97.603800,-3,-348,-40,140
2024-10-10,11:33:45.840,22.88,100,30.325500 -97.603900,-2,-131,-197,407
2024-10-10,11:33:46.340,22.88,100,30.325500 -97.603900,-1,-59,-208,-293
2024-10-10,11:33:46.840,22.96,100,30.325300 -97.603800,-3,-1,-215,-517
2024-10-10,11:33:47.340,22.96,100,30.325300 -97.603800,-3,-4,-214,1
2024-10-10,11:33:47.840,22.99,100,30.325100 -97.603700,-3,-90,-230,66
2024-10-10,11:33:48.340,22.99,100,30.325100 -97.603700,-4,-9,-226,5
2024-10-10,11:33:48.840,23.01,100,30.324900 -97.603600,-2,-29,-223,-257
2024-10-10,11:33:49.340,23.01,100,30.324900 -97.603600,-3,-145,-197,-256
2024-10-10,11:33:49.840,23.0,100,30.324800 -97.603500,-4,-139,-182,-1
2024-10-10,11:33:50.340,23.01,100,30.324800 -97.603500,-3,-266,-178,-63
2024-10-10,11:33:50.840,23.01,100,30.324600 -97.603300,-3,-389,-142,0
2024-10-10,11:33:51.340,22.98,100,30.324600 -97.603300,-4,-347,-86,572
2024-10-10,11:33:51.840,22.98,100,30.324600 -97.603100,-3,-697,-81,8
2024-10-10,11:33:52.340,22.96,100,30.324600 -97.603100,-3,-592,-79,76
2024-10-10,11:33:52.840,22.96,100,30.324600 -97.602900,-3,-406,-81,77
2024-10-10,11:33:53.340,22.93,100,30.324600 -97.602900,-4,-238,-43,427
2024-10-10,11:33:53.840,22.93,100,30.324800 -97.602800,-4,-4,-40,478
2024-10-10,11:33:54.340,22.92,95,30.324800 -97.602800,-3,-146,-44,-471
2024-10-10,11:33:54.840,22.91,95,30.325000 -97.602800,-4,-5,-51,-1
2024-10-10,11:33:55.340,22.91,100,30.325000 -97.602800,-4,2,-52,623
2024-10-10,11:33:55.840,22.89,100,30.325200 -97.602800,-3,-112,-50,291
2024-10-10,11:33:56.340,22.89,97,30.325200 -97.602800,-3,0,-52,335
2024-10-10,11:33:56.840,22.9,97,30.325400 -97.602900,-3,-6,-51,3
2024-10-10,11:33:57.340,22.9,89,30.325400 -97.602900,-3,-52,-42,0
2024-10-10,11:33:57.840,22.9,89,30.325600 -97.603000,-3,-245,-36,-477
2024-10-10,11:33:58.340,22.9,98,30.325600 -97.603000,-4,-149,-45,-244
2024-10-10,11:33:58.840,22.89,98,30.325800 -97.603100,-4,-262,-75,291
2024-10-10,11:33:59.340,22.88,100,30.325800 -97.603100,-3,-419,-84,-9
2024-10-10,11:33:59.840,22.88,99,30.326000 -97.603300,-3,-360,-94,0
2024-10-10,11:34:00.340,22.88,99,30.326000 -97.603300,-3,-263,-107,234
2024-10-10,11:34:00.840,22.88,99,30.326000 -97.603500,-3,-159,-115,91
2024-10-10,11:34:01.340,22.89,99,30.326000 -97.603500,-2,-199,-108,3
2024-10-10,11:34:01.840,22.89,100,30.325900 -97.603700,-2,-188,-101,0
2024-10-10,11:34:02.340,22.9,100,30.325900 -97.603700,-3,-231,-101,-2
2024-10-10,11:34:02.840,22.9,100,30.325700 -97.603800,-3,-216,-105,-1
2024-10-10,11:34:03.340,22.9,100,30.325700 -97.603800,-4,-137,-121,295
2024-10-10,11:34:03.840,22.9,99,30.325500 -97.603800,-1,-27,-282,74
2024-10-10,11:34:04.340,22.9,99,30.325500 -97.603800,-2,2,-421,92
2024-10-10,11:34:04.840,22.94,100,30.325300 -97.603800,-2,2,-516,182
2024-10-10,11:34:05.340,22.94,100,30.325300 -97.603800,-1,3,-494,-16
2024-10-10,11:34:05.840,23.01,100,30.325100 -97.603600,-3,0,-458,-6
2024-10-10,11:34:06.340,23.01,100,30.325100 -97.603600,-3,-1,-459,2
2024-10-10,11:34:06.840,23.04,100,30.324900 -97.603500,-5,1,-749,0
2024-10-10,11:34:07.340,23.04,100,30.324900 -97.603500,-3,-78,-611,-189
2024-10-10,11:34:07.840,23.07,100,30.324700 -97.603400,-3,-184,-549,0
2024-10-10,11:34:08.340,23.1,100,30.324700 -97.603400,-3,-228,-485,-2
2024-10-10,11:34:08.840,23.1,100,30.324600 -97.603200,-2,-450,-426,1
2024-10-10,11:34:09.340,23.09,100,30.324600 -97.603200,-2,-525,-326,219
2024-10-10,11:34:09.840,23.09,100,30.324600 -97.603200,-2,-665,-317,102
2024-10-10,11:34:10.340,23.03,100,30.324600 -97.603000,-3,-667,-316,113
2024-10-10,11:34:10.840,23.03,96,30.324700 -97.602800,-3,-630,-316,8
2024-10-10,11:34:11.340,23.01,96,30.324700 -97.602800,-3,-177,-342,286
2024-10-10,11:34:11.840,23.01,98,30.325000 -97.602800,-3,4,-588,276
2024-10-10,11:34:12.340,23.01,98,30.325000 -97.602800,-3,-56,-576,-488
2024-10-10,11:34:12.840,23.07,98,30.325200 -97.602800,-3,-88,-565,-6
2024-10-10,11:34:13.340,23.07,100,30.325200 -97.602800,-3,-3,-541,517
2024-10-10,11:34:13.840,23.08,100,30.325400 -97.602900,-4,-79,-533,124
2024-10-10,11:34:14.340,23.08,100,30.325400 -97.602900,-3,-145,-521,-139
2024-10-10,11:34:14.840,23.08,100,30.325500 -97.603000,-4,-179,-524,-205
2024-10-10,11:34:15.340,23.08,100,30.325500 -97.603000,-4,-221,-523,84
2024-10-10,11:34:15.840,23.07,100,30.325700 -97.603100,-4,-226,-520,-4
2024-10-10,11:34:16.340,23.07,100,30.325700 -97.603100,-5,-315,-523,56
2024-10-10,11:34:16.840,23.07,95,30.325800 -97.603300,-3,-268,-520,-66
2024-10-10,11:34:17.340,23.07,95,30.325800 -97.603300,-3,-198,-542,-39
2024-10-10,11:34:17.840,23.07,100,30.325900 -97.603300,-4,-168,-569,2
2024-10-10,11:34:18.340,23.08,100,30.325900 -97.603500,-4,-274,-593,165
2024-10-10,11:34:18.840,23.08,94,30.325900 -97.603700,-4,-447,-595,14
2024-10-10,11:34:19.340,23.09,94,30.325900 -97.603700,-4,-312,-591,-168
2024-10-10,11:34:19.840,23.09,100,30.325800 -97.603900,-4,-319,-612,-1
2024-10-10,11:34:20.340,23.1,100,30.325800 -97.603900,-4,-486,-609,4
2024-10-10,11:34:20.840,23.1,100,30.325700 -97.604000,-5,-432,-619,4
2024-10-10,11:34:21.340,23.11,100,30.325700 -97.604000,-4,-293,-660,377
2024-10-10,11:34:21.840,23.13,100,30.325500 -97.604000,-5,-6,-1024,450
2024-10-10,11:34:22.340,23.13,100,30.325500 -97.604000,-4,-4,-1024,4
2024-10-10,11:34:22.840,23.16,100,30.325300 -97.603900,-4,-29,-1024,3
2024-10-10,11:34:23.340,23.16,100,30.325300 -97.603900,-4,-64,-1024,-72
2024-10-10,11:34:23.840,23.21,100,30.325200 -97.603900,-3,-97,-1024,-2
2024-10-10,11:34:24.340,23.21,100,30.325200 -97.603900,-3,-116,-1024,202
2024-10-10,11:34:24.840,23.22,100,30.325100 -97.603800,-2,-154,-662,0
2024-10-10,11:34:25.340,23.22,100,30.325100 -97.603800,-2,-84,-542,-19
2024-10-10,11:34:25.840,23.2,100,30.324900 -97.603700,-2,-200,-551,-352
2024-10-10,11:34:26.340,23.14,100,30.324900 -97.603700,25,-89,-555,257
2024-10-10,11:34:26.840,23.14,100,30.324700 -97.603700,85,-170,-593,49
2024-10-10,11:34:27.340,23.12,100,30.324700 -97.603700,38,-97,-577,4
2024-10-10,11:34:27.840,23.12,100,30.324600 -97.603700,3,-21,-547,1
2024-10-10,11:34:28.340,23.13,100,30.324600 -97.603600,1,-152,-486,-255
2024-10-10,11:34:28.840,23.13,100,30.324400 -97.603500,-1,-206,-458,-179
2024-10-10,11:34:29.340,23.09,100,30.324400 -97.603500,-2,-297,-452,-4
2024-10-10,11:34:29.840,23.09,100,30.324300 -97.603400,-2,-474,-447,4
2024-10-10,11:34:30.340,23.08,100,30.324300 -97.603400,-2,-481,-445,32
2024-10-10,11:34:30.840,23.05,100,30.324200 -97.603300,-2,-492,-438,26
2024-10-10,11:34:31.340,23.05,100,30.324200 -97.603300,-2,-561,-423,188
2024-10-10,11:34:31.840,23.04,100,30.324100 -97.603100,-2,-649,-422,188
2024-10-10,11:34:32.340,23.04,100,30.324100 -97.603100,-3,-685,-422,147
2024-10-10,11:34:32.840,23.03,100,30.324200 -97.603100,-2,-749,-419,174
2024-10-10,11:34:33.340,23.03,100,30.324200 -97.602900,-2,-748,-413,165
2024-10-10,11:34:33.840,23.02,100,30.324300 -97.602900,-3,-749,-414,204
2024-10-10,11:34:34.340,23.02,100,30.324300 -97.602900,-3,-753,-414,218
2024-10-10,11:34:34.840,23.02,99,30.324500 -97.602900,-3,-686,-414,236
2024-10-10,11:34:35.340,23.02,99,30.324500 -97.602900,-3,-387,-415,262
2024-10-10,11:34:35.840,23.02,100,30.324700 -97.603000,-3,-263,-415,32
2024-10-10,11:34:36.340,23.01,100,30.324700 -97.603000,-3,-304,-412,3
2024-10-10,11:34:36.840,23.01,100,30.324800 -97.603000,-3,-159,-404,534
2024-10-10,11:34:37.340,23.02,100,30.324800 -97.603100,-3,-523,-400,0
2024-10-10,11:34:37.840,23.02,99,30.324900 -97.603100,-4,-436,-399,5
2024-10-10,11:34:38.340,22.99,99,30.324900 -97.603300,-4,-233,-399,175
2024-10-10,11:34:38.840,22.99,98,30.325000 -97.603400,-4,-200,-400,-407
2024-10-10,11:34:39.340,23.0,98,30.325000 -97.603400,-4,-411,-402,1
2024-10-10,11:34:39.840,22.99,100,30.325200 -97.603400,-4,-578,-401,4
2024-10-10,11:34:40.340,22.99,100,30.325200 -97.603600,-3,-638,-377,-178
2024-10-10,11:34:40.840,22.99,100,30.325200 -97.603800,-4,-677,-382,2
2024-10-10,11:34:41.340,22.99,100,30.325200 -97.603800,-3,-767,-473,13
2024-10-10,11:34:41.840,22.98,100,30.325200 -97.603800,-3,-850,-458,21
2024-10-10,11:34:42.340,22.98,99,30.325200 -97.603900,-3,-898,-432,99
2024-10-10,11:34:42.840,23.02,99,30.325100 -97.604000,-3,-834,-432,231
2024-10-10,11:34:43.340,23.02,100,30.325100 -97.604000,-2,-591,-1024,438
2024-10-10,11:34:43.840,23.02,100,30.325000 -97.604000,0,-454,-1013,497
2024-10-10,11:34:44.340,23.09,100,30.325000 -97.604000,-1,-308,-900,3
2024-10-10,11:34:44.840,23.09,100,30.324900 -97.603800,0,-359,-809,41
2024-10-10,11:34:45.340,23.15,100,30.324900 -97.603800,-1,-405,-841,5
2024-10-10,11:34:45.840,23.15,100,30.324900 -97.603800,-3,-272,-1024,1
2024-10-10,11:34:46.340,23.16,100,30.324900 -97.603700,0,-333,-1024,-142
2024-10-10,11:34:46.840,23.16,100,30.324800 -97.603700,40,-319,-961,15
2024-10-10,11:34:47.340,23.18,100,30.324800 -97.603600,0,-131,-1024,227
2024-10-10,11:34:47.840,23.18,100,30.324700 -97.603500,-2,-213,-1024,5
2024-10-10,11:34:48.340,23.18,100,30.324700 -97.603500,-1,-403,-1024,7
2024-10-10,11:34:48.840,23.19,100,30.324600 -97.603400,0,-459,-1024,-40
2024-10-10,11:34:49.340,23.19,100,30.324600 -97.603400,62,-332,-1024,15
2024-10-10,11:34:49.840,23.19,100,30.324500 -97.603400,168,-427,-1024,25
2024-10-10,11:34:50.340,23.19,100,30.324500 -97.603300,93,-425,-1024,1
2024-10-10,11:34:50.840,23.2,100,30.324500 -97.603300,133,-386,-1024,2
2024-10-10,11:34:51.340,23.2,100,30.324500 -97.603300,261,-668,-1024,0
2024-10-10,11:34:51.840,23.2,100,30.324400 -97.603300,200,-762,-1024,-44
2024-10-10,11:34:52.340,23.2,100,30.324400 -97.603200,211,-981,-1024,4
2024-10-10,11:34:52.840,23.2,100,30.324300 -97.603200,-3,-1,-1024,1
